WELL_NAME,COORD_X,COORD_Y,X2,Y2
769384f0a6fe5cba75fc68a9e52395eb9b69fa8dab849ef795694a92183121c9,11611.72,3450.28,11769.95,2921.2
59e8ab92b257d0809933a49847143f08b2143d238856e8e0286530ea0f677637,14147.72,4947.28,13926.47,5554.19
281a946a2708a500abc913f1ccf425fd57719a7248f0a45bebb16018556b6de7,11009.72,8856.28,11029.73,8939.46
6ab87d3e097b485c5bdd13b3940ec9c160fe5e77163d2e38ab41680a0dee875f,13982.72,6816.28,13947.17,6771.63
488e60d7575cbd8757674c7e03a8a736a90a5d1245a4ce03375c26702d7a209b,14170.72,6362.28,14229.18,6398.64
e420bc59a8c8c472f1307d05a6890c5e0626355f4002e17011a843b077fc901e,14908.72,7200.28,14892.66,7125.06
e19331bdf30e35b29c747db0c828bf630b4e99043f5e5d53c3ccf3dee4f45370,12873.72,4516.28,13032.47,3964.13
8d22b7914a9aaa3ecfa0e00324f94210776ab6de9a3503d592a456a23670c4fa,11488.72,5058.28,11619.95,4509.15
879329a0f238b019636f868a76bcbca2114b2b4135938f05efd60a12e6a79a2b,11018.72,4752.28,10826.4,5372.81
70b8fdf34257ee3db34d1420098555ea51079fe289f7ede5d532a149c5f6e87c,9160.72,9393.28,8987.94,10012.64
96184ceab9c321bafb53b5e1c71df538d5435024098682fa1569003cafd35d22,8778.72,10326.28,8636.15,10944.16
303012dfbbb367b6fd7469f8cba062de3b6e5d19b44520f17f4bd17aceee5218,9713.72,10712.28,9569.03,11301.03
651bac31ecd7481191fe955d1a10b423c06ca674dfa57f3fab2c642a23ff9622,9664.72,9390.28,9527.95,10012.18
8fd2d65accab0dab1681e687dade3a4260a8bec03b8626f29cfeeef4169ae10f,10560.72,8938.28,10431.16,9486.68
ca641953f4d68c9025c4810b980bd73aaa5db1200d2fd78fd417fd9977012455,10701.72,7095.28,10768.05,6498.06
9d948a85174b17247aeecd71971bf923ebf6253f22c882fce81edf0ba9592b4b,12491.72,7835.28,12484.78,7855.54
d452a9765262f0ab5f21c05768098a786860b618c0d68c89c5485a7eb0b14251,9139.72,8098.28,9107.33,8136.3
9f9fa444aef5d9f7c78fcaa7592a7bdfda2b26a47f306bacc22eaeb00435205c,13248.72,3294.28,13180.2,3253.84
9b9b0ff1fdc0bc79f04f8b516bdf3320e9db158cba96be19d378a4d73c13e226,9882.72,8932.28,9884.29,8943.58
7d7fbf5c6340fe8e74a19982cb8d042606011f55024991efc4c57152f702fa91,12672.72,7374.28,12656.74,7386.26
cb9891b52b15cf1707933d8b826ba577d62c7db0b737c2d93dc16f872bdd15d4,10081.72,8481.28,10082.26,8459.28
c56e0c2d26c9a6ba142c50d2e86e697b0aced1e0ca603954c8eb3c1f168f29ce,10439.72,7531.28,10391.54,7517.07
47db0465f85e2090a08d46bed6457ea618132b53ec3f99b07220b6d36501e781,12865.72,5516.28,12719.39,6072.05
b73b31a072ee23048cd5013d9877ecb4944f822c850aeeda8057346e9455b9a7,11833.72,4121.28,12000.41,3568.06
ed8612f13f964bf9974debe24d21204f5ee0457a1da7fd73a8acd89ff56b0aa9,12123.72,7369.28,11924.42,7969.69
c5fc9d8f99de3d3df001fda04e67e7609e947acb6ab158bb148e7215a8e959b7,12863.72,6919.28,12928.45,6909.97
06252c150957a6ca28111b094eb923bfa74d2a66928655e9cb7cb671ed159ecf,13431.72,5521.28,13439.09,5482.33
fb40f51a63a63fb7fbdb018899e613c537335b417b6414ca2581bf72ee254acd,13063.72,5159.28,13208.88,4535.0
2e22155c7f6a0a6080b87a130da7fced91022e48fb48532f49b61cc420e0f848,11657.72,5878.28,11434.79,6623.72
6edd6dcabee2253639e6e8e83003c8790859a9f1374a2889c44ac633baca04c5,11410.72,7873.28,11399.95,7935.15
e2c65a3722c78f0e9f3e89a1b00b04a57427086732d2d333b333297b7d54c6e0,10641.72,9796.28,10676.15,9778.33
30c0c46c2c9237e4974b9eb606b62997183a96f0e6c4d271185fd80b0c7f1e9f,12252.72,5797.28,11995.19,6426.88
c54cb5885ae1f363434f0db35623507864b5aa43fe82cd94861a0ee7213c8a90,11191.72,4472.28,11323.94,3868.86
981b1bba122807393498e5ef8a936c1e13c767ab2ea841ddf93a7e34e3b306cb,13091.72,7761.28,12874.43,8288.22
7687f20faa1aee38a6beec0cb63d9094563f278304210b3118e6a6671cf8d34d,14330.72,4593.28,14541.59,4057.58
79de04594d8ba7c9aa72af9c6ed3d2615dfe77be05627773045b805a0eef9dbe,12168.72,3188.28,12308.48,2671.21
f781695fc756865eea4ad44a9b3d676e9d4419ace251a9e57e6bcc7305d23c4c,14685.72,3025.28,14685.18,3026.42
ab9661f4f673fd4764fcd8192bcf57e739b096cface0e158dec656313f510a79,10833.72,9331.28,10853.58,9307.92
5b2085c1c7031a88c8af10b08a7226f285902f898aa8d871328dc61a9e9d73f1,13024.72,6295.28,13065.81,6292.72
25376dacefd71544684fd4a4f997ca419f9ff5348aa6818eacca23311970cd3f,10651.72,5702.28,10471.6,6344.4
cb52169d181fda352ba466927f67d9b2523fbc88e43a18a70ee33a35611949e1,10097.72,9781.28,9898.41,10385.25
10d49b5fa61178ffad5d43e493be05a9336f2c2281e197b50b3cd2e783e2099e,12538.72,6442.28,12392.66,7016.71
1eb07c4586cc77e19751ded1e791e9a79e75c5390a8327a306cca8bd18642ae4,11288.72,5421.28,11140.72,6046.84
debcf7a160692239563af8a9c8ba32c4ba067e747f19c8073055e2be5aeb4022,10843.72,5626.28,10670.42,6268.9
bbf0b9fed45ea3349c8bfeeaab48b1d760e9d9b79ca889a3f2998be7d31d8f21,6843.72,2877.28,6843.5,2879.05
86ea1e0aff641ba662576afb06dd5d9592e458edf29b0d96544dfb6a7f20d32c,13236.72,5982.28,13268.13,5954.0
a1661d2f54d25c16b8b3616d6683118d3c2f10b1af3968a05bbeb36f0d8dc5b0,12301.72,8300.28,12310.49,8330.26
52bbe66ef9a85fe24d6316b76ab1a031425d6347309408cc0c567c495072013d,10436.72,10246.28,10493.42,10242.42
42b038fe65f564902f2ba6c01df165599435d16c536c082c08b7ba0c2203c7f8,12444.2,3937.69,12603.59,3385.36
aebc60b8446bd0a77ff9f51006a8d675f29b1a90d5fac29b1ac755b9a9b31cb8,9485.72,8494.28,9284.05,9069.9
cce7e6db14c3e631b6bd50568054c468045b6a265899c020dd0f01d4944d9465,12356.72,5417.28,12619.48,4877.96
9e4912342a7d40c2a7bcd2f62852ad91ea0923333d0f557801cefe2a4731ce6e,8723.72,9233.28,8734.83,9266.15
7a8c71da43226a0b4b00ed66a5deb690eed82269dfc7c3f38c611143ce7e3970,12144.72,8792.28,12172.89,8831.68
bfcd4d42ffe4cdf361ba1acb0d4abd6c16b2f209f269f7be2f1279d93f37e0e9,11749.72,6999.28,11710.12,7044.68
46a73cf93a35bd788c431cb638eafe253e2228ca50be71d555600b32016db4f1,11191.72,8388.28,11174.17,8349.65
220464bc65a012f767aa51f72f0aadcb3e5ddab2f848ae670fcfffdcff912ec4,12260.72,4397.28,12260.34,4319.54
8a86c3f57690ec5f478e780c17281996c5e0b9b70bbdfd452a61ec20a0f5d9ab,11384.72,9224.28,11239.78,9850.34
4c7a28b12601be8c51bcd4be8b9227a465dfde2e79998f0a0682966705df9a2e,10995.06,7554.84,11146.85,6958.01
43336893b3bde6087737e15a473132a80b0f781f63e9f2ef344117b9bd31d4d9,10075.72,7153.28,10223.46,6599.37
e01e3e8c387e0c7c7357753f5e5b23397f66aa04a76cc557e1a7c4a6ba0065c5,11913.72,5338.28,12033.7,4769.04
8550eb204ff6ffb9fb0ccc399372965ebccdfab7c37927bca29bcd45a4029a0b,11772.72,5906.28,11531.54,6602.15
7893a980901a9356b0958c3354eae4262dbc3aef9e6e88704a042c6fa7be4439,3007.72,6749.28,3026.91,6768.89
9962e54aa392e3ca2644e05433017c78b93d8bfbe80d5fa9196b69856f228cb6,8950.72,8555.28,8933.45,8600.03
85c5a0da634b2e3d596f033ad749a0c4f4a18a9278e7fb35344055e59f1831ad,13601.72,7751.28,13606.55,7725.76
10aa6aa71cfa2afc995b3d862620d69538ff73a5fc87874846021e7e1d941850,11018.02,10158.9,10866.13,10685.46
a475ce90c26a88908189a64a0d94d33fbae796b586dd436cdcbfa2ce48639175,11789.72,9592.28,11616.75,10228.79
55df8c44b82af1299592bd498755e0ac243efb44aba864e0a3036c2a92cee3bb,8822.72,10330.28,8862.59,10400.88
cdde7cec83fa70794421aeaa2e9664587d1435975e73be11aeabdd54d5404ec8,9452.72,8486.28,9438.98,8525.98
c4d1347ab0776ec3372d303d2d49ca7d4348db9328453c54132624796a85ffb1,12087.72,7628.28,12073.52,7672.95
b9ae6a558e02edc462c632544a2efe8060faad0debdc132563288fa8b18c8238,9842.72,7919.28,9813.21,7906.91
923f922fb93030473e241b650f94de817ffcdb430d2f98f4bb6bf17e82b030c5,11943.72,5352.28,11946.45,5353.01
c94cc07c1452678973f920007d0daf885a71a72fb51e75bd4e07972b154d552f,10963.59,10127.42,11014.72,10112.27
f3df405f4494caf8f869e0c30a842448f92837c21f24f178f8d5cf533b372c68,15838.72,4878.28,15833.15,4849.26
574542e40945d33ea78c7adce5884714c3a9a9e3f84e9d60766348fa386a9b0a,15301.72,3573.28,15259.88,3567.01
7b1b9ddc8972b64b28c0e15dcd2bf1a8dd0141aba16d6ba6604cd54c041d1314,13951.32,4681.64,13951.91,4728.95
bbdba0a595c0b7595aa673cc47420a07b86be9fbaf23c5c04dcbf13eeced081c,14205.57,4043.49,14190.69,4083.83
774ac42ad9e76f30cdf3674a60ca0d22a13f1004503fbfacb7adfc1092428290,14902.72,4504.28,14903.63,4526.82
2b57ed0b02a2bcf2fb38de86c6d691242f790a9982245600afe86d8ee0834d01,12866.72,7188.28,12835.1,7185.65
dadd88a35b99b991934b98efbf5eb4b0364cb3a05ef20a577329d3ae5a4aa81c,14720.24,4975.49,14740.47,4986.98
32d92d4de16c376a937973f407e8023fec571d3cdde25ae2393cbfde6c2b05cb,12469.72,7229.28,12363.62,7926.95
c0b6aca0a97611d9a366f52a348e4be731d2ca926b77c8c173bdbcb3105e70cd,15099.14,4017.49,15077.72,4020.36
543a7f83bf99de49c1a58c49f1c274ae283a159dbbc74aea922a349e1850ca63,15467.72,5793.28,15499.24,5765.33
0679bf5dd5913349a4834dcb84fca4ae65f7bea55b62c24cfde14d09677d6bec,13042.72,7389.28,12810.95,7983.73
ddbb98909520ea7644939284ef04b070a912ccf50c14b08efd50498345567b7d,13778.65,5158.58,13792.92,5213.06
c4c3f5c05ed4de5a5a45cfd276fc5aafab4e4d6ca6a3ad8eb7d60214a7b578a4,14721.67,3659.88,14869.75,3126.68
b62c02291153de16e2fa26cd270acfdb173eaa3b8c09d715ee7d4fa97c9ce6b7,10256.62,8145.89,10233.65,8132.67
fa07c227692c1e41bb8ed4721811284dbefdb8de93e7b03b38586ba6568a6077,14352.72,5899.28,14394.59,5928.76
9bfbc3a906add6a14fab2df7a863cbe3488a5c2582f204376d0383ebc3c79f10,13809.1,3545.18,13868.98,3086.79
97019e8197f3a206ed0f49e938af4c9a25b32fb3e184e26b0f4b722c2f87fb58,11756.21,8302.59,11583.23,8915.63
0e9f34a8e01efb1af843aa2ea7247b1fb84a3aac27f6f81f8513c7655bd0a10c,9335.93,7640.81,9287.54,7668.09
d17f8ecf18a3f583dd4379169d6c66636b8ed1e9f462f4598455ffa9f7a4c58e,14170.72,3676.28,14306.33,3222.85
eaea26c0c41d07d715d5068628047ad723015a809a73c76b64e7b95018543141,11564.72,7466.28,11498.47,7349.09
b655e6c87f4353bf1519bf34bd3ccea09ed176edf9cf3919e84441791824023a,11923.72,9233.28,11971.28,9281.51
830657320ee51a9a8827be939bdc9fd917401c69a6ebe011ceeb66ec77b05f39,12855.72,9600.28,12922.82,9614.42
6e56420f40e073fcaa1c4dad3ff48e07cdf0ae700c8976032c0909c793b1a34b,10426.72,8854.28,10236.1,9503.98
7b4c3a89925ea02f6349a222a335460e6b058bc9d7e598f4ffd0aea925c6518e,10660.72,8462.28,10812.34,7875.71
d762c8e317c39d1300d8ecc65dbf631e942bde80a5fcb8b4e39c5f32f024057e,9704.72,8153.28,9872.64,7548.52
8a7082479cad6c4a3ce75e82cd9a508b2199f5abab971c0006d0dcd95693a1b2,13416.72,4221.28,13572.72,3617.81
8a413fd5c3facf80b1f840e5ab25849f068d1662b8d6d344c5159d473ecdd318,12681.72,8686.28,12509.92,9291.83
5229c22a25eca7d2de860400dbc7e76e49b18dfcecea04998c034663d0a53c35,13399.72,6870.28,13368.48,6837.91
d637a1717a00b101431e4c75acbb191b0d6aceb7131cdd703579cd96ce797be7,8948.28,4567.37,9180.83,4150.2
9ecf6fa09bafc2e6953c60923e22e6e83c5696ae7d777238a277ea866316a524,8948.28,4567.37,9046.95,3960.93
d8a6eeab23c09cdfdc63afdf358934015a7d09b35215f02a0a17efff26811964,8948.28,4567.37,9318.82,3920.41
a3cf3e931acf45c18237ebbb7cddd83eb08e5550cbde294beb4e5decb4ef630b,8948.28,4567.37,9199.34,3715.66
b04d54ff8a670262e81f0e0b514a32e03baa85200cd9f226cc9307d17af8d744,6000.69,9200.98,5693.83,10029.7
b7176577983649748825e3b529cfb5c412b97a6c7f21de5e3a9d7efbc1586f3d,8432.39,5871.85,8230.67,6488.98
8808d684e8b4da6e6c7faf124c9e7e25b06fb7f6396e874ce7564b3e388f6f51,9502.36,5882.42,9711.76,5327.3
625dca26d9bd9387cc17e1c5e1905105ab4e1171623d04a48f5ff7bd9ba589e0,6924.14,9602.08,6584.46,10180.83
9591dbaafe48f20e4b66f060355286f78383ded49bf3a42c0e24d50cc3661910,9677.54,6766.79,9506.37,7362.94
6773a737f9bf98865072e3f4937e9433921438681eae84746796b53ddf977048,13989.72,4136.28,13955.36,4073.3
c0e2250cbb238bcf8d8925c1361942a24224250da0005ee75e9fa9f44c4a8038,13579.72,6430.28,13719.41,5815.29
1aca2a31817fa92bb9b0792f20d8eb806b1cb56fd2d112cf34879496b8279bf5,14546.72,5425.28,14579.02,5436.25
f51d4aaaa559cc8141863e6bba13162f398ea9a84585271e0a56951a2e209e73,5857.29,8232.11,6019.88,7665.89
e1d2e63998524e4cc29cbed03de55c8fc2236221f5f1d03d55753d0a65345d89,6151.68,8857.76,6337.0,8176.58
6e569cbbf75538ea9f3b7b26d8453ea8e9249955080bc3fa24cd3c1d06c0a4e2,4750.53,9917.94,4768.12,9947.1
d0edc568d22b23ac9f12652d9e8fb69074a7dd0ea26053c7ebbb76b90a3e3e2c,8948.28,4567.37,9298.41,3777.47
155caf4289a6429369a4d0723a61f1d96c438c9be4edf4ccdb044621dbb9c36c,9258.93,5229.04,9419.36,4687.32
18ea8ca26bcabaac4fd073a00ba741a627f3649a6983a70745757f2ece17976e,10124.28,5621.46,10359.47,5024.1
60b278acc0b6cad778ece89b16dc6014548ae6232eeb0a2bee0b8650b122ee77,14556.67,3106.94,14559.33,2573.1
3174f5c73134416952c697ea74f70d3e092b5cfd261ca918d7f8c286e2c0db02,6313.42,9789.25,6083.01,10423.27
578d7f85bc474022aa655e7f4c75596845eda3a10c5428ad573376ceb9e8ec99,6806.69,8555.23,6986.45,7925.91
b6d41b17642bb785ae8977e2911b44b09e2b29ef25394e9fdbeb93f19f5dbf96,9876.08,4949.49,10128.71,4156.48
9eaa0664a8a574201d8d390569096196766ca76e3203f623a8a76d1085ead0aa,9595.73,4296.0,9738.57,3741.76
eb56fe08140f9dd39a89137b97bb8d115b30b2b8182682ff9adde48809ae8f1d,6000.69,9200.98,5764.77,9555.64
8fef3306d84e5426246643a34d408433bdcd6122bd62dce978744a37b3d3aa2c,6000.69,9200.98,5891.03,9763.91
c24fa6351ba02fbdb32ed93bdb39b996514827cd04a90d55239ed02e767211a6,6000.69,9200.98,5695.72,9818.68
418f31a895da2f853e4fdf382dff41ea8a3a5db396cae4be0769c26a87a0e1b1,6000.69,9200.98,5793.3,10043.51
ad1ab7a8444e602ee07b846632d2f425a9cba69b4302c294e27c186e6276b50a,6986.16,9170.57,7175.05,8563.36
a28baa1caf99ec3d7039a201e68b1288834bba1878b004e04691ef4cefbea0fa,6356.65,9506.46,6661.26,8834.74
a69910b63c068659d3736c032f22cc16848266fb55dc30f1cbd7b9d5f344de2b,10069.74,5932.56,9811.11,6508.05
c8bc2c9d76b8bcba19882cefd5cdb8def5447fb1ad4ce4d5fcaf00f017792b4b,9173.22,5708.63,9162.11,5733.96
a372aeaa5b4d45fd951e723c420a30e8798fc6c9293bc4d41f1bf526d676ff2b,15595.68,5030.99,15619.2,5048.04
b99d18a9e3d55dcce0e7826b5580cc1dcdb46ba9298993b37cfdd0add7e264a0,14115.35,5700.15,13849.89,6373.6
ff8c0fa1e3473e3e894e1d5205807e348b7d765e15686760e079916017d28be1,6117.49,10150.72,6153.0,10133.8
5d9c7a1be8704f2b062db16e7d34b982b9853e64ba8864946341f8fcca26b66b,9518.57,7060.28,9558.57,7088.46
f0393e2ab52180cba2569a3e91021f25b66454265f0fc106728049e9ef208bb1,8953.31,4278.64,8891.21,4295.86
5c1bb6ac00e3cc893b9bff83a7f21b685b9c0bb0bf4773777efe73d04e97cc53,6221.51,8559.44,6197.35,8518.06
76d7c7e0f975930e1a4cd26f3e3770d8308a0f4ae2dd2ab7fefc1657e5cbb689,6363.46,9414.92,6378.92,9373.26
2b9f4730d7aaa0ad3c9d40c399fc05c5de09080a62a4381fecdd29d1f2dbc625,9882.15,6223.96,9887.25,6244.62
a115e1ec7916d166a9f6abfc90c5a6707adb56843908ac244e96ed2126088c07,6924.14,9602.08,6750.35,9849.56
e6ca5905283df7e7db15e41d965806f99b065a0960191be31d64f6346e8d942a,6924.14,9602.08,6822.7,10119.66
249e77496bccc9bf8308cb71414d0de7e207e6f222aec984399a9f29f752337e,6924.14,9602.08,6584.46,10180.83
c9f2b6c0c97566e963a0e53b0aec4a88ee8c0a31693ceb93d9ff665e8bf391c7,12545.46,3986.37,12692.58,3485.71
a1e81d97528c9608435016e0ea5c38c7c304f07a858c438863d873b58aab42c2,11094.86,7606.15,11279.56,7197.33
02982b2ae87e795a08e5dca0a95cb0edfc7d97fdc299198d42e4f89d25b7bd5e,10365.07,5483.93,10345.98,5472.34
7e5447cb7d06da357f6d39724c8fd25f5ba535a75465943c960086913b3696d1,5720.26,5621.29,5681.13,5583.04
02567341ea1c840299c4a0b74a8cd59dff5b1dd2af69ddd253c0938443317eb8,10519.32,4686.39,10693.5,4081.25
a5743ee249e32d1a35357fea6c1677a043d28bd641b0bf5dda1c1512669e3ff4,6205.75,6035.7,6174.62,5998.74
16171f382dd8e0a617bbae7549c5e3457ad2f57c93f03731d041f2d7434405a3,9620.61,2964.42,9409.12,3515.02
91dc838b30c4e0943493df8257aef89319d2bada9fba1f16d041dbc108b798ed,4716.04,9688.15,4498.41,10341.64
067468377b3cf69697d91de11e79d036135ceff0a601655e9f5c78bda3818b9c,10355.28,4041.69,10521.75,3477.31
7433a630747aad7b22bec30ea723f8ef0eb886d3a97bc88b2a8bfd6b3c84865d,9629.4,1772.82,9582.26,1795.7
d53b524ec1bc20cd453f7b55e2659810aa82b75c4ca47ae1b375b99893b3deb5,1550.27,8666.64,1536.14,8751.77
b705a65e0404edd49515054002d2f6aa6d91062dd493551e06410c79168396ca,5044.86,8798.51,4846.23,9425.53
308fb1831ca47cb1f8f005a68a3095b6ec474ca0324c6f63c5a4a52be12201ae,2495.38,5882.11,2309.64,6400.69
c2f3b8db6165a4d2fe7a4c409e09947810d5f976508f3a1ffd709c0ccbbedf7c,8543.42,5461.32,8778.17,4959.85
839b8247fbf5f13e8eb7d41b3426d05d3f688efbdbfb348ecd12c8846b15b401,11268.01,2834.49,11584.11,2011.08
c1e839c9f969d7d4bcaf4532721305c9ce05aec71b32792e07ede1e14654338b,4417.52,6522.94,4610.59,5920.84
e39764fd9868a49523c004212691bac957a6602849b3bbb3a93eba0d962d0b90,5962.28,6640.23,6148.49,6067.02
c6c24f01c2a778921c68de6f194805fa6fb1194448ce1b5cf6c5257549f7c2b6,11447.76,2244.98,11431.99,2201.29
6982222a335ea58104740ec6786a1dafdc71237fbb65d0fa341a15470252b5ba,10314.29,2443.06,10569.65,1822.84
7d47b83d3b44cb250d8233e499dfea592cdf4446d69ff3f71ccf5cb5ac9e86fb,7929.75,5764.46,8062.02,5227.48
340cf940e57b02cc57ddf5b81f01765100f950ae4060fedd1439e4fa719affe3,3034.5,5861.98,2855.51,6371.83
e4f5b96a7cb61cccca246b4bc76a9877e68af60c0e9ea4f8b02487478f00a7e9,1922.83,7288.65,2074.04,6788.33
1aa2da401c1a11856b3bf751396dcc546f25e086bcb116b88b34cce62989dfc6,4143.28,5843.06,4283.29,5312.13
28cd283dfe0b7463bf39f251656f2c78a0b2dc189dbeec7b26b88cd7eda6fac1,4583.7,8695.87,4754.58,8199.27
7a7ec077af8178c287c50c48276d782587a86a8b6180e9f85350db75113848f2,4357.24,9094.55,4123.67,9707.02
0e6a2c5e8a6f4117d44600390ae7017661c82c1e976c32e2499edc5e7e51fa65,9705.74,2931.53,9508.27,3532.2
94f2e6014d6be25e8d8d3e3ab710d0f599c4abe4c0495efb13a94d4e9cd5a440,8437.39,9698.69,8368.14,10191.13
950baccc69f5d307c13bf96991e36b0bb3be09f044e1c75d25c29fef7c6b04ba,1347.44,7382.48,1244.86,7928.73
5071be778488571551b2cfccc4171f6341f7cb896db00cd964a87039473a519e,3649.04,7057.71,3459.74,7671.9
b46016a9f51850f24a47648424c0c5552981f1c31e59649e58f6c7de5535e8dc,3101.9,8266.01,3334.27,7710.3
23c45c20b098837e4dc8a74cd40bf7595e430bac36bd3c2ce88e21868afe973d,4054.3,10113.36,3759.37,10660.57
ec14eec2836e7d0a6b91b5e253f48d578fb6a51ae76f667ac97ca4f1365f622f,5510.92,9086.22,5675.88,8601.02
b694e479af091b82198c24a43195efbb9578a4f0e2e163f6e070b6deb53b4493,5635.08,10100.26,5410.92,10791.48
62550fcf45b495ac91cb4fe533a9336e3d2912eb18d5b3004da7d0b8131dd95b,9644.56,2762.19,9867.63,2185.7
32e123fc78b2f63b3929d6d46383950a54d05f68776c9464205ed306bfcf30e5,2478.93,5630.75,2491.78,5595.81
17b7d2506d995e47e646e415402993eacae5349b8e2145be58ed056527664611,11086.9,3455.0,11112.36,3445.48
ccbbf3342add03620c79a84b4ff8552c08498fee5afb7faa38106d4c0ba695d9,4228.97,6878.84,4048.89,7477.47
60b1a165b5f3b731ecbc8c054f30f4df4dd406a1b149aba3586dc3a759c0e7ee,9981.38,2214.5,9768.29,2791.65
9fa742a2c942fbe0a4a7eea1de8bdaf1f434a7b54adc341a77a0e592ef726819,8918.9,7144.78,8822.08,7786.11
55d3f72fc6d0bb13e58ea47c4df6dac00d3128ab6082755e83927534d13c0b56,8964.02,3337.16,8695.9,4006.52
1719a6555fd6c2762294bf0931fd5a714d94cb1ee9580af2ef1e8c682c3caf90,9997.97,4979.15,10129.8,4411.05
7a202edef2d504c3b3b43ac3c72680ac2dbf089480cc1cf6a6a32f08fdf78d10,6160.82,9643.12,6178.29,9620.85
d5edcb270e5d38244c37571adcb1f61569e07b3a960a1824e310a0b2a38dfde2,9443.85,2152.89,9636.46,1420.73
0b0643ee8bda9a815547207436ef9604659ab101edc58d6056bb86af9f2c00f1,3939.03,6234.83,3736.39,6859.09
5898096a4d17f6548ae81817ea5cfef598512f8149bed94f38bd4109808d7fd7,4759.33,5602.31,4935.27,5043.24
3f173fbfdc2d718d9c430350d3c93ada920f46bbd74040743c03e7ae5af8ea39,1579.58,8376.64,1317.04,8938.43
cdf28f3152c9d269c035e991fbdd3d768c040e4bfb3719d042dbe04bc5c29d6f,2531.13,5645.33,2733.48,5143.25
283c6573f04c12245ecce798a1d213fbeb1353a48e5a9652ab89ebf9dd9ff691,4265.57,8231.43,4399.88,7712.65
613f15a5a89a63c1f6e61ea5466461b46c8168e91c329345e4e1b0dff2bbb705,3857.54,8987.97,4063.48,8491.57
02bb7b54e10b23014bac606ecda166a189d529d8f3e570892e8f0980e6721210,5383.4,9017.84,5363.72,9021.57
e33911efcf0beea45e3cef336db0f879190b1dbc34b73cd760505edd79a62f46,10723.7,1624.53,10884.8,1005.51
0ec5a7660a44b94f9cd9c7b0a1a31d054df00c22563d7aa0abe594943d87b8ce,10687.26,1402.64,10626.95,1374.09
0e661cbc8036cafe4e752bc94c8cb890ac10f38b45f246add86f988778e8fde7,1894.6,16434.74,1894.6,16434.74
d77fc56aacea3e64a7e63d2797fd1e458752245df3306643256a5df342c296a4,5211.16,8461.74,5203.25,8406.44
3ccc7deb310fe2e1ba800477edda46390606d6db0b49fbb1dbfaadae26370444,5684.59,5990.45,5842.39,5419.44
a1fdfd97bad28b10fd6df5efc4c2c4f9c7d69c022bc3747e88a32ec9c24e9241,5344.01,6905.28,5518.11,6368.19
c6e7c6d7258e10bf9b4d92bad3ad69d66919b2300b4623af26062b8f3f1d2e3f,9644.59,5921.97,9782.63,5349.75
44e05b6d091d932cb96e33109674e1d507c63e411362cb96ad0ae87ac8e63fd6,11843.11,2753.67,12057.21,2126.88
86d7afe2f9f7aa3f83ee3c131a70635081fea2b6213a1a1a3f99a1273b2ba26d,9151.99,6794.58,9301.37,6222.33
f10900973942c8312f2c2fc12e0169f0a32161db6430a06d33e5ce5fff050e3d,7592.18,9269.74,7458.7,9869.8
ab14913cad8a9c4d0146c5f210bd24d4a8f6cb5387906e56b9ce9bef85905f23,2478.93,5630.75,2590.94,5369.14
1e099c01e422645dadbe4ed66e702915f77b7fee2a251fd1c32d764adff36ddb,10614.22,3079.62,10827.92,2549.83
f36aa7f7643118b10f38ba06cdf33cd0a97f89c194b3811f8086ed8b2538fe6b,5273.9,8415.64,5396.72,7896.93
7149200f79fa47cb9775f2e652ef7c217ac4988ad9828be5b6dd0dfebcf54640,10185.67,6004.26,10185.75,6004.0
253cb5d099e72b1fdc4cd290d5cd33cd5a2bb1fce158fbb8250166795e545a43,10568.89,3329.81,10385.5,3783.7
31b2d8ffcc7574565ca03565037d67461e5f080db826ed23b1c9497c390e1ae5,4836.23,6613.55,4670.28,7203.31
f21f8b69028b4b24c254125fd717423c11292070dd93126fd4132d729eedc10e,5917.87,6584.66,5920.02,6546.75
560d8cb5d467a3119d5583a7f1a668b38fad0546fd58a713fa7e04f85b6799e2,9275.86,2433.52,9069.81,2995.78
86ba908c9dd7b9b9fb22e8320efaf4238e02037f1516a6b718067e4cbce576bb,5496.23,10744.79,5538.35,10760.49
10f93592eb3435b0a3e0f4b5aed1b04191519934fce0e49614cf8bacf5ed05d8,10189.62,2823.68,9976.31,3418.0
59b06784c461db3f5c27f87fa0ecb40090f9f2a6f3bf3a389cb96d55c17ec198,5285.6,9437.33,5113.48,9983.82
9875f4ee983949398e875f4f3a28774baaf362dd23edc165f2f5a5062f34571e,9036.18,5577.91,8826.36,6195.57
64414446b13d6db16c4b303fa83cd66f6d27656c78bae6a85d5900c45f8d1631,3230.05,10023.99,3228.69,10026.23
53aa140cef9cc9bdcadfddc65d7dbfc4eb9659a7c1c5998a8ecee6edc99c1ee9,3577.17,8598.85,3382.14,9127.13
89fd611408286b0e777fcd4b41fec18f13e80473807ec2f299c2bc40275bc6c3,11000.9,2159.52,11159.51,1625.23
9c7f0dead89728a06217b4b5f13eb75c1785de66685855bc5c2e8401642ec9d7,9372.99,6399.63,9186.94,7001.38
b43363f801443390a596a5f2a42e313a46d6e4c296dcace2846c0566e76765cc,8247.55,9011.61,8108.62,9570.43
103abd022cbe2bc01053f6078a6c62904228f37fde5cc991c78a0b51f6159b8a,7952.79,8376.4,7795.2,8929.92
6a754cf61446018012008dcdf6b071447a65fab6c6982e6caee79e11c73a70e4,3508.59,8899.21,3525.02,8917.67
acf10035877b34293c9db319bbdcb3ad17bb2fdb71b71625dd920337f8a8a16d,5047.57,6240.51,5222.52,5688.42
394cc70face479aacba4fa45b1671504f3234fb3e98391c94ef0090078dee9dd,5151.55,7233.98,4984.88,7822.1
12bf58e3a074291112737d8b6f8df0603ba4ce99a54deb08dad34684be23424b,8607.97,8098.6,8431.3,8658.47
3116a6039c26cfd2994f50a1279244f6266972fd5f07071b896f5b5797be1b7d,11162.0,3188.69,10922.55,3701.85
46cb022fa9b9880c15f27b4bd36d8d852e23b1cf770f04a254b88499b271e71e,7041.87,3808.17,7364.67,3099.88
a2c19429e2141b4f05728e414d455936505747074e3deef2b2726ac6de9750ec,2748.35,9373.22,2532.9,9988.05
af467a2704fb4b4dbf5722a44dd0109351dbab18bd495535afd713f72c3b3fca,4784.54,5302.66,4722.67,5295.37
30099e84c1e458801e611f2b68d26d8d11bdfac6c339f54cd207f9f3de424d24,8969.61,6577.69,9031.06,6206.56
88a0ca5b32ab5810e2ee73dc3f2adba0eabc7ae707e28b1c2688db282b3e1f33,4719.12,4351.67,4503.3,5042.36
ed2109f881bd0f95d9d6797c9c9da898e0272a922620231859e6033e632d9142,5626.6,4746.14,5409.9,5552.29
1e6ccf7cd52d925720ee63bfcb6d9756864f1480993e6079e44b9d10def7ae99,1743.69,3804.9,1930.99,3029.75
ad21e23f50e08c1ae5d470d1a0b86ffdbdf81dd58e8734ae01ccf1ab5f9c6aa4,1940.11,8628.65,1710.26,9320.92
c441837ec36594631d80511ddffc22a24fa4e5d1918af1be69eadff34104a1b0,4403.31,10552.37,4226.69,11059.26
e65e415769f42734ee43280e531adeddf42afc096acbbeca48d939411d79b912,7458.96,4391.61,7456.16,4372.19
cca88e0c9391d375e691321a43c018d7edc0f51d5241385f3bb5bcbcac58672a,8612.83,11804.16,8659.56,11837.48
0b91402ba2f480687938fa3fa7ec844380c578a46df9b2bc2884daf8dbf8b540,1208.64,3695.34,1394.3,3000.25
6673bb5efda511f8a2f1ecd6912fd730ec19d3f352b7688424a21a93a6c8d8f8,2235.77,5106.86,2463.0,4522.51
1dd373321218b59a5fff85d89d00bf5e69a17eba5ed25f72b51eaf0aa657da6d,7717.82,2366.35,7504.93,2889.38
9843a47b607b6019a9f5bb0e6d65dcf359b3ba69fb3e7d008d3c711c2f086110,6900.86,6964.48,7097.23,6331.06
f15cd2039005e68dc8450a6cadd443285207aa7e3ad8e58b6fbdc4d0da9b0791,2225.41,7878.96,2045.46,8400.24
805808e58c5768e3cdb907b202e1f407c69623ee71f5add1c60fbeb4dfa589f9,6976.69,4198.33,6787.44,4835.18
637e192ad555d728f0f45232e8be79a5933423381ef926281332c2178101c058,6540.97,2520.4,6754.53,1780.33
845f4f6c05ef56b78d11bee340de16ebe4d89133733170db3566d168373bb20b,6573.36,6441.77,6759.99,5814.83
f3532741e67ab7940ab28879813f195c9036176bf1ab53664fdc1319770bb13d,309.53,4931.93,0.0,5750.02
d6c5adc9c487ec80025afad989bf2773784300dff31ded5d7f55946f18cc1963,9648.42,10618.98,9405.51,11159.84
51038acc3464f1838a06a6e49dcc82b41b011caf639003948cb78853e4d7e3c9,1288.63,4733.02,1521.72,4036.55
cad19f37d849ca125fddb0de5afdececb840784a91dcf1c6b6854ff9e1b9cb9d,6188.29,3503.82,6313.41,2826.3
a053741c811f1bb7bdd1f2026c024bd9a6d413de0752f981f2068ddb2da3fc87,8085.09,5164.86,7826.63,5871.54
69d6f6d81a90b671ccede5f686328b978019f64ece048d2a7b1b62364886932b,5119.53,1611.65,5074.6,1539.53
f9e9a2d8e0048610b4e3e20fd10ad99d21634a3276dde0bdb1d51c8151602ff4,9709.62,9931.78,9706.15,9877.52
9250a6c3d3c5216b5ed5d1b21b814df792f7bd92684aa21a2632c3b89b361e2d,1741.67,6408.45,1552.61,7022.65
719e5af85187471a3ce2683ca943994591750c8ba24f19315af10c151937d5cd,3552.37,10161.32,3309.21,10682.81
8bf7f9e0e6a9e91cbc3485709d9b0beb52b30291bd2e9c034e86b0e46631a5ca,2013.08,7329.31,1962.34,7375.2
fcfcd95f07f6e5e189894b3778bbc79c81f6b06c2e19f7644c00a49161857aa0,7499.18,8189.01,7679.94,7687.73
7f19ddcfcd2d874f2cf0dc982fccd173de21e99e87488ffc4c06b9565713eea9,3432.38,6124.01,3685.12,5558.14
ce5543303ddebcdd29030327bb145f12c1c5cd6d011645c3cbdc4dc5960ecc67,8921.65,5003.69,8873.04,5030.86
39979a0958c16790f31a1dfb7552680008fd5dce7f302c060c23a5b9f5b19c65,11572.49,3628.79,11614.05,3604.58
56deb052231234f854d9258f05d17ed2ad8727e2d6e63a7b15ff6c4bb6867290,7849.41,4530.1,7696.92,5082.11
139e20fe864acf1a4b831ac25d417fe70725cbee85197c7b18aef7b6e5a4c472,9127.65,10723.35,9365.02,10198.51
4c8b52d504bf7776f1b79f0385e728ff54b59cdda69aa49e791277f0d7ceaf70,8171.39,10495.79,7973.13,11109.8
2cd7a7a30576a496cf397a176a5ae224c9f5d1dcb153964e95520cc0666bfdc3,1863.96,7691.97,1491.46,8236.49
eb0f094adfdcbc38ad6540886f248474d738edc5172d6440cd72cafd3c0e810f,9058.65,11039.18,9081.28,11030.7
b125ff7a4750a36a783228f2769458ece77487d437c2898d3738e862eb5f0c59,4532.41,9371.2,4927.42,8863.91
a02b18f3d99096c1a876e44ac2f033d95ca86b964a5f1cb3fc64be4da88c7c9a,5418.06,4091.18,5086.51,4894.31
5e4dbc8f2580848fcb78083cb1204e4ab09c9f135b0357030495cd0d0c68a38b,4620.81,3341.65,4351.27,3987.7
72ccd56a2c07440a948e27ddd39743ac69e5850932f09f2c63ae64eb9c592818,5064.13,3443.93,4865.78,4087.09
3a90432a4251c664e4fae7b4e6383448836cebbeed6a53674533573f73e312ee,7778.91,1954.97,8118.82,1194.96
2ceb0e2b3c28cc1b3c3f8dec7ad56148dbf6ea77f9ffc832f4c4b9ce845d9bb7,549.17,5400.09,248.65,6171.79
770b646b3ae0829293af5769b8d9e3ef5a6745b9845631f73eca0f34e0f9b969,3169.33,4269.26,2901.84,5054.25
10b65d7cd08c62da198934a6b57ff42e14d775895328502959edf0253bf2182e,7908.89,7363.94,8166.8,6695.05
e372b5a109abda4dcd2efb157d53f9e1ce18ba626df5b584e4d4b564cca1b3b3,6382.77,1691.86,6566.61,1174.1
f4d3b8e64e1bf7bc8343e7d5f8a6b2a32579fe01f373258d007daf211f36e8c8,7846.51,9974.11,7727.89,10499.5
af6c0e95ecde8847bb9cba678133a7c46ef6c9053c23729d128b16edd73b6e4c,3040.86,8595.05,2804.35,9198.94
0471418bf3f22977041f4016205e646cba1214e82e6d636d4f7abfe3eb00dbd9,7214.14,2289.82,7359.19,1525.31
963f26071368dd4e5422fd0c2a288ac757622ae9a9b6c09973d15c6bc1bcb989,3668.34,8206.16,3902.98,7663.17
df95901809b231f1607cbd5bff0ac527d15a2ec06c878c9d5c416f2a3c678dd1,1999.52,4446.13,2167.6,3870.31
5106d698d9fba796b3d03364dd9d1d86b88b8d75700b29554d3f09d414ab307a,4356.15,10934.94,4384.36,10988.06
879da779be0adf432a92875802fa0f34a3a41b6d92aaad619a5eff2bcd025535,7319.63,2280.59,7246.16,2236.45
46521194ec767c09f160ad5f259de50802a76e5b4a7856a68dad6be02a983528,9086.76,1531.24,9269.2,932.48
ebae7ab0f98c5fe4e4bca53a20efa70a62617cc687341cc8da0eba28daf842d1,1212.35,5121.1,943.69,5775.7
17c5b2696534aa5ea2a35bc0cb700ae17b0f8a25a3a128ace4e262db29de8150,9261.45,9581.36,9507.25,8929.85
ce26d4c7313d19384c561e7490421d73f8a8307c578471171a98adca459c9d27,8526.12,8690.15,8650.94,8013.27
a9126a6f45d497c26ec079335280badff3b913801129a525789ac6731723724e,1205.89,4176.72,1162.4,4191.47
114183900f2d540609911971f3ae3f3d42ab8b4fa9252d0c4076b00d482c1594,1581.98,5370.54,1826.33,4806.16
7188d6740081215685a1beb514212df377cee9a21af69fbb58b6c2643209eef9,5366.43,3089.94,5452.1,2358.23
873b8e3a7c3e78d2fa7324782a2d9ccc4d326668146be0eb302e5dad52c9a3fc,444.64,6938.8,270.66,7658.41
4ad7272cf490cf85e327b0014942cfe320346814185b3d9cce06254e3d5194f2,6528.12,7906.82,6713.5,7320.04
842d4c6fc13ecd6ee6c2ef176e3c4bf6a5ac21c465e85af1a57db716256e32d8,10620.69,10866.13,10842.9,10217.11
0cddf226cb9b275855e2efeb81b61d71e8c72cd3cfdfb59553a9199ff1fe5683,7490.01,6369.7,7432.59,6333.14
29fec50056bb220796bf19771228366d3837262228ecf9480df7f5b2ace4405d,8060.95,2572.55,8070.92,2564.23
6ba0ce224a97cb5642114640a34a8a507e3c89955e97b01f25f2d2eb883c9d6b,3780.22,4010.84,3616.6,4583.7
0846f99b079f2387f57b75626042cf6453971ae4f3d54f0d99428ff3e133ea89,6853.28,1551.87,7099.3,1004.48
353a445a948ac015ab93b08fc6e508e717e3d212c779d062cd500c889ef46e95,7556.78,6670.15,7707.68,6102.06
4b6f68dcc7adb2441ef2f82f8e68178c35561afb54c16f07dc55b9bba4316bda,7663.69,7374.64,7651.23,7409.99
d59633a630d008886787450436fa18dadf6909bb077d2bc5da2c697087f48a9c,8440.87,7046.65,8630.69,6465.2
78bbbad7fa5ff73067d3fba4c70b6a11019133248fd91d641856ced1bec6579d,8825.45,9455.31,8981.46,8870.29
3b09b507f2ad38875f7558a5fe97e9ffff5b5b5353ca8c31512892c6932ee801,3416.32,4910.43,3244.32,5615.3
4cdda5d289ebe2312077795e21bd264d2c3fdd7c059b095f355328a3c1f46250,5051.2,2157.28,5272.2,1443.83
4c9f807a8e158c63287a1ef8898c49fb7f74f3a905d90bad2f3fdf41abd80f15,5771.06,3169.33,5498.89,3864.45
738262c9959491019bb55a096d2a0292769be3c81628967ecd3b33bac5456cd1,3218.4,9427.48,2922.52,10347.6
996961ee943394db07d113e4eb2afd5c9d5a49ee8effcf8ebf5fdc43cdbe577f,2265.9,7498.04,2650.41,6672.08
5711db79a7ad8480390f7eb4a2f675ecf59f011bcdacbe9ceaccd22a6b3b56e8,376.02,4360.38,551.55,3747.03
235c909511b062511ff6ab066d46e003b0c66d57ee08763c9bd024c62d0aec4f,738.92,6112.32,619.26,6318.99
8795eaf14d2a5fce2b5a831480a9802c474bbf4b8d0a6add81895d4fd70c0330,4629.16,4128.53,4660.41,4135.91
414b1407a32c7ce7870a8401896c629beb7bcdd13c63e241f21a903f4d90ae0f,1836.64,9086.56,1833.07,9174.2
08791ff585a536998d6fffbb2793b667c17f49aefce897cbd85e3723288f848f,10043.36,9562.96,10215.28,8860.5
dc43c12ac75358dfb570efcc6b027059cc5922fb60017459a912f2c33c318359,6211.19,7534.9,6240.15,7499.89
faca24670f291312aac42b160a5f2fd411c07bfe1a962834aa2e99a29e25a0a8,8408.52,3299.29,8545.6,2687.38
87b7792d96dd2cb86829b6877ebebd7209828f4113648dd84101a199bd487e0b,1489.48,5776.47,1301.21,6347.41
37ab19dd86d58afdbc05b7d2277e54f59c326e47ca6c51b4df4a3fec1d7c4799,2522.63,7370.52,2695.63,6837.07
353a27ecbc1d5937d10ab87a65fe2d80454534c98767a2a8764b18480c2f5ef3,5508.85,3344.13,5521.29,3439.67
7148a6537ac3d9de9b511814b068fce6bbfc56dfa3972a00db2fce888b4969c5,5976.24,3825.58,5845.57,4485.91
da8434eb99bbaf642f2679fdf7d66f02181da57812c3f9c3891871cdd6c40390,2437.7,9295.11,2452.74,9347.75
cc6430b913ad59a51cb890c786e846e889e8b2562ed7eaf482b01da5fec68d40,12132.1,10389.2,12152.39,10334.18
c2f1c4ef1d43b29f5f1a817411164034dfb42a7316148aceb58d20a2095751ab,2802.47,3616.08,2789.92,3688.59
4e66495fd770d6869309228a5281246488328935e237c85bed2e466502265b4f,8242.65,2334.66,8018.03,2872.47
a15fdb9d49403dcc9f15ad153842606874ee065dfaa404fdd0e6ed04d720075d,7219.68,4836.28,7038.49,5399.84
334fb1f5b2a5c3298650bf7007b89d97b402edcf9c36ce8d5790992f8086f723,4750.78,11268.65,4798.3,11311.37
11d91ac827a9616e173cc11be3ea239d08a502a5b3b68c9ac98beb3de19675da,5664.83,8982.0,5652.44,8965.69
37a7adfb38b7f511d63cd78ddcce373a73fb91918292e2f99a9c65f19b75074a,5239.26,10099.53,5265.22,10114.99
ffb0f5dff951c9abd3cd1bf27d21b5b02a742dd74f248999ca0fcdda7af660b9,5962.45,8486.61,5929.1,8455.16
fe55ccba15c880ea913024e6396217594096fa7542602219a66b2d6846d9cb9e,12154.32,9974.06,12166.53,9913.94
ca93863995b9d7afecba4688d36ad6029dac9cdb4d018334f62772462abc4a34,4942.72,9354.3,4916.02,9358.74
f823c1065d42dc49303a1d4a300f405617696e821daa2959dd1e6d0e63c3ec5e,4246.9,9681.92,4239.96,9731.58
e4e11f603bf8852e8d11a8ec63336f9ee01850766a3f65f9816be0364946042c,7180.08,1229.07,7160.71,1186.74
792079bfd3d0b3bd258a60203c7c917dd6445d0ec7f689a0ff3b5884c1c672c8,4727.22,8589.63,4672.66,8599.79
365c53c31ae22902eeb2f5838093b3e6302c41f869beedf061f025fa0416936d,7772.76,7975.28,7767.1,8029.23
fc1c53817c6b5c1efef56757f6bd36f503590b8d1eb68d28a696d8d392754edc,8283.74,8025.08,8293.51,8057.33
9abb2acce0a424b9ac7b6d8da8343874f9ab356440f8fb890386ffabefcf8649,7849.41,4530.1,7646.44,5132.63
da06734904fada71b5a5259dff815ed677e6ea9df4f4b640cfbc904dfc49716d,9592.92,5854.73,9584.54,5864.41
f9c1cc9795cf5468807b48a5a7fdf0ae95333df76bb253ac24a2c4a3f9b4233a,7301.7,6685.4,7253.24,6666.31
4cfbcbe355901faf9d4611dd1b07d2eccbbf8e48532c00628aa8624986cd8acf,9847.91,5273.11,9831.82,5267.44
e952a2b2e0fec05301739ecae729489bf9d05981be32b0798a18c45be7ae3b9f,10307.52,11328.81,10360.11,11297.96
48ab98ee0d7596d3df29099334a7a9106f30ee824c4ba48adcb0b333919b2a19,5307.74,11446.49,5365.84,11458.04
2fd3692e4889a41e59f44bfe542defd7d3089c83860a30ee1b06cfc7fbd19de9,10153.41,4700.12,10118.96,4674.32
be6e4c2a51c68e67cf0e57ca310c5f85eebcc6ffc4be416e549aff41da6667ee,5560.08,9503.64,5565.6,9499.86
659ae89cc9aba1708338e52957d0668237762d476f41aaefb6014230e3923b5d,4675.49,1724.72,4827.95,1193.09
848bcaa4e1e6a866f4ad72cb80fe0b6fcbf4ebebd3a051a21558faccc2f52379,4233.42,4070.47,4264.98,4089.88
823dd3c72e0cdf3095cb4a2a2203b04846d4878810176444f33717ce32fead8e,7386.61,2700.63,7412.68,2707.91
a3a65cbf751a71dc8f8bd0e838c201ec0778eea7da2ec41064c4a704e669c318,3254.05,8345.38,3470.84,7803.15
a29ae83f466d39f62d9c7ab0b7306e08e755f3fd841ceea4344a6852b64adef4,4701.47,1334.92,4644.19,1281.66
6c2e14b8466f17fb932ce8cdb9576f6cb70761963215640eef0f7e2ac218b0ef,3017.72,2160.0,2953.48,2182.89
772ba09164987e56e957db817f938a759ef2764cb5cf50cc81a41f740e7b03e7,7067.9,1969.86,7058.58,1936.58
325ca369f449416ad6d0d1ef47feb7ed2f06372bff22339f11172d08f57791be,5640.86,893.89,5554.21,876.97
a947b953b8c52cf4f7c2f1baea3762333b1c88ddc517aadfef898b31170d31bc,3617.32,2285.67,3808.71,1827.36
181ca6057753b6fa2fbe52ac277fdafc148e43daf0d3e1e3f6201f32ce3ed4e0,5840.28,1591.52,5599.37,2265.24
72eae73db0f2cb03169dffd08ed84a3016729812a7436190ea0f6b3dc86699b7,3835.05,8796.63,4089.65,8240.32
d5053f82dee4ecd356391f9e3e6f910ef4911339b3fdf4892713ff167e3d9497,2528.46,8452.32,2307.5,9148.27
1d9396b8e51081d1d06c3b7deae15cfa93421c1c4a8078912e919bdf8a8b8bc8,2464.68,8759.86,2462.1,8817.19
865c77d8c2102dd3bf7aa4d6feb861057de1ca24d0a06d2e7e7ad5662be35705,2219.09,4131.69,2175.06,4105.42
84b40a04f2a3d38f67c04a3992fde44daab5252b8afc4526f604a96dfedd746d,277.24,5016.26,233.19,5081.09
c9ef28f3594c3b9653bd2181b56a5d3368ae8eaec2d9b38d99e6520467715acb,4700.78,3010.04,4951.22,2336.83
b99e0a6148d8b4883be9c6be1287613ec34c8cce00f018d1782783dee9320acc,7039.25,7171.05,7011.91,7169.96
a257328c19738c1172f4f06e4a3292f5d3d95422d4853423a2cbfc2d8bf738a6,3279.44,2681.37,3010.28,3319.5
fd2202d5c2c15cc8ea748496c93092a8993d2c67aa364a599c042d7d6b696c39,11389.1,10018.54,11547.71,9509.02
bfa53be157c54a87bb5351d538b22bca531c31dd3d0343b2af0d5c617f1d356c,4281.13,2723.05,4495.0,2137.65
188db2c93903ffa6b8b5ebe1864c2ba78a710bc38b95d79a2fcee2d483f9d22b,4191.04,3074.38,3917.82,3735.88
607ffb98e4b0bdefd044a51024edf0b81b261a5f9dece93a2d1fc7c30e89288b,3416.11,4385.35,3385.06,4486.08
61b133a9660032cd09a0236484140e15f3084f10cc94d12a437ac689347b1e89,8728.96,2415.66,8967.28,1817.85
29b5df453f1a9d0514ef107f1e45c82a0f3fd356204682fe58785c8083d3cae9,8055.34,8011.07,8301.03,7427.66
5d2556cc0093f873a29d93b64a8ae3de99c4ac4b1c06b33b41d3f5ccf6a5cc4e,7574.65,3909.33,7774.33,3351.87
05e1e718d93d96a73e6ddb6a307fe5de60fc53249d760cd81b13a6e7255d708e,8450.13,7551.6,8565.09,6931.53
999d0867e2010e4a4a5128fa9578e6f90542f7506060bf20dbdb47bf9f6d884c,3552.25,3324.64,3235.38,4053.08
59b8f35782aff5fad3c6367b6c32b89f3a045aedebea057e9b081ceb9c7735f0,3736.47,2760.9,3955.59,2215.78
1177efc13d41930c8752eab87a0e0dea2e1242eddc0a8f34f645508d6b581ed5,8347.54,6453.2,8511.2,5904.07
736a83d0b05f9a1b6f490ed27f370062d596ff85802a2caddadb1bc0629dedcc,6085.31,2247.77,5868.79,2910.18
2f0c6c26ffb4b44f8adad24f5cf1cd6d28a40e3772fcc0ea31d5b7d46b9d0f1f,7991.49,4612.69,7733.51,5214.51
46eb5499a3e62c3d4b7f2b5288b11e769f0a1dce356f4aebed2e26bfe25e1597,1597.58,7855.36,1557.43,7928.19
8a7f56402300a81f4be7e11e08aa51dc8e6610bb42759b37ea9e59e9ea277500,8020.89,11119.74,8033.31,11175.14
fd64dc0f45a193a106e86d2d2d3f896c3b52295427fddc1925b946a7fc891ee6,8288.05,869.46,8545.18,0.0
fe15ccab850c10f95481f1309a2e9f88e1458be2a8a8f80531922ce3085056f9,2920.16,3597.17,2603.48,4412.43
78abd7bc797c6ba4d6d5ca2bf94d8d6fae97effc20159078aefb61de55a1540f,8485.91,1848.55,8630.94,1258.34
1de41569155b66df7355c8fc7a53e80333aea79dc9bb373a2aef7db9d277e61f,7611.36,1573.21,7700.59,973.57
8a59254404fe4d1d1b224053be28e06c8624a64e37a8b2472bbd475786448aa6,9656.31,8750.3,9830.84,8198.57
a6efec17d11876c1f91aa02ed176a162ffffccc8bbe79371fcd6e78e4939b25f,8288.06,4877.39,8508.48,4260.76
fc6ba4b32bc4a8f30f1d7d1000170225c279271a08ea2217a5a4de78bd9bb146,7258.36,10076.78,7116.95,10616.27
4703c6cefa8c48c5083a9291c40d98cf353aef281e9913d9d5f042a58c5cddcc,3349.6,6503.17,3116.13,7123.29
9091ff18cb706b992f5edd87f92c420b3bf5b95a21dc65ccfd6294a29edfa9a4,1077.22,6693.99,929.25,7281.98
dee7fee64cfaa89620d3a81b484c1c7b3e0a3bbef497693847b5d9ff828f7392,7287.23,10199.2,7371.04,10229.62
1735fd1f01c743f26baf46ee02fc91f75e88049dd31ef592b1cb063cc8cd9b10,4986.91,10359.21,4812.93,10966.8
a0cee26b395d55edbcc8ba5eb5f0c88d7b584ba2c5e318fc0e58bfbe83dd4d0b,8056.4,4210.85,8218.19,3589.67
14cb35367f86daac1e71e286a4bf308a867ad52df1863ff086bb2d77f0387f00,7829.24,7358.02,8010.0,6775.15
aa8ed65b984fa9a40cebd4371ada1d8a715a5dadb7c1ce861be29789862d0a96,2177.03,5496.92,1928.02,6123.67
11818ffa8a040c855f1e4fcccf6dedd66275f58c48f4dc76d213f4aece817255,3465.87,7741.16,3648.09,7176.39
4f22b35202b9f0fc9914ca56c45ea412acb548e3fbcf99c499fae903e8d215a4,5757.48,6983.53,5624.13,7511.13
076cd8a9250a3f5c22620db45d9b9edb9fb1d5f35da06ae700cb2c74511f750c,8770.67,6613.75,8730.0,6569.43
623921b97001a3025cbd88a5cbb81013150e98fb9f8600a1d49139bacf926b48,7171.84,7638.99,7375.2,7053.08
fd45ddf08c33013541f30ec69a8f2d47eafe879969a62fb2566b4c5545d18025,3418.2,6551.29,3189.87,7171.04
c39bd17fe9e03fa195b449b745c7ed2799fd060b4787c70a0eece5ce141f7c1a,4913.33,10844.39,4947.02,10865.64
fd456b09e33a385cfd662b7fe28fa2c33d388ea6041675d998870fc0fb40a948,6404.33,1811.13,6375.27,1838.77
bc369e07711ad5db16413a0442e34a618aa9c68ac4c01a1b3f375f2f06f141bc,840.5,6012.93,618.48,6681.23
a26bbc670f338396ef4a9d2fe86d2b2a1429df1d240677a78572e290b65b9a9f,4083.86,4596.43,3904.17,5254.72
8d4b4b4f0140179b1c94722f3d39100bcde8f3c39415983813c74bd52cf1ab3c,7359.34,8305.3,7595.89,7628.35
39e12475f5233e293b5dcf5f3bdcde7c3e389abe621dea1440a62a462bc47546,6990.29,2618.41,6805.27,3387.33
d8ba8a782277cca630e586846d7db0bad914fc3530fd58d4f80c33b7fbfe69ce,6200.56,7268.22,6433.46,6715.19
658fac6ef77f17a83fd9eb0c4a2ad70f39925869650b4f1d8e39109308f24e2d,9748.7,8275.34,9961.25,7610.37
1694c36be804d10225444d887e640d094e7217a1cbde20a50088866949e6fcd1,8910.61,7705.49,9151.68,7199.13
56b7d3779b8fff868e17743ff10f483f9172363cd3a2f7450ad52c9aee3343d1,10037.11,1808.66,10218.93,1241.74
368187f9edf454c865522e79d755f85b5468ac9729b95b498b317e599d5451e9,2673.45,8015.49,2901.77,7449.0
179d4925ec027cad2548b55ba8a7ba4a92013e524a0a6e62b821d6a71798ec3d,7262.37,6091.1,7399.88,5502.09
3916b7fe05daa9e84cf73e16f61e14133aa6125a5eaf21e96fff4ccc86f1fe11,620.43,5029.44,932.18,4306.11
404ed1f58f11fc57a7e19f2021ae033034fe81fd5d2d82a9c03fbb1599643602,3760.89,9411.05,3549.88,10021.56
d76308ae4c084807ed4e71a7a1ea2367e92d2f88c10e88cbfb01c3a922a9bbdf,10304.59,10644.5,10181.64,11060.71
6ff1912481146f33f45de702caef28e858fcea97edc14b7235f8d8430ffdbddb,6665.27,3557.83,6471.27,4173.84
0d65fb17a8d254c3d913336b67101a07c338fa1dd4af22e6fcaa7040fc43769c,6319.45,4474.4,6073.87,5129.05
38d16984b35375661ce394b7832698d12bc0e91606aeffd8d9adec697e186cb8,6561.2,5119.52,6401.86,5700.98
b3e8a28cdf40813fc7ed83884d3ede6c85668a1d34d45c8d44ab6a6c5f587903,8145.95,2334.6,8171.89,2304.92
7eb126671cd244f1508515fa398d9bb98e575a3528a2fadec613d620693b0815,2664.44,3061.03,2331.37,3702.65
fbed6b55800a2ebddb4741c399adac3f024a8f33bf56b5bef71280f1529447ef,4106.35,1472.94,4043.19,1444.9
ced1e28dac7c6fc6f5152c726898bd173f104efd1cc09f27970947f585dd3d34,7324.44,1014.41,7554.97,128.43
453b317e602f8d0099e6b95d13f04ee425568d0a15c6fc51220947194bab75f3,11511.62,10246.95,11522.83,10213.54
6bc16f153ff3048bf58b75a3c4a1a753dd4b7cd27c7c1c72611dc458c6a7f1de,11480.08,10459.5,11512.13,10428.08
f73915b07220aaec9e6f192d9f4ccb38badb611ef4ef574523a69a0e799695c2,7259.32,613.69,7194.25,546.28
95c7bec240d7251a03c7838f1bce9a5e9630c3e28e192a6ed30cc022927082e7,6321.2,3888.3,6317.0,3907.3
c2e26b06a1602aeabd42a3bd40b4c58422cb1326568999ee84daa9d47dc962d7,6580.31,742.52,6521.62,708.81
21073d4b917e6294996d365748b6d7dcbaba0c151a2364f3a1eff85b398060c5,7546.27,3983.63,7531.54,3880.13
672e5cd92cd0e9a315fbb20bcf09c1c128703ae995928442b73310085dd9b011,4077.04,1923.92,4215.62,1441.01
06059a984c0329605977ea65917a6396e9bd30c84ba2635ef63f027cd4c0ef70,10718.93,10374.0,10733.25,10381.66
c181e460b020a596570254389f658328d9a4be73ebb0adea8ee857263c0c15c8,6764.92,1106.31,7004.02,198.0
8d61d827c2cde7bf5a372ed114945fdf85860cc0704405f39701489d4d3596bf,11916.13,9603.05,11902.78,9547.27
d5926d6d96c2d075326a4e4e84772d613dc427401b7de2231dd4b7b236406ece,5549.66,1516.4,5651.58,1074.23
d90bab38122d9583d32624a0d4ce4687d8d8d21245be2bea109bcec60b0c57e4,9230.24,9792.14,,
154690cef8734575141cd700a6e9319d7f9aba505333c6d640cd586ba89e3d5a,5251.55,3077.18,,
